time[s],deltaTime[s],rainfall[m],totalWaterLevel[m],surfaceFlow[m3/s],surfaceVolRunoff[m3]
30,30,0,0,0,0
30,30,0.004166667,0.003692434,0,0
35.0002,5.0002,0.000694472,0.004341622,0.004377722,0.021889483
39.4422,4.442,0.000616944,0.00491861,0.005794266,0.025738129
43.497,4.0548,0.000563167,0.005445496,0.00719112,0.029158552
47.2612,3.7642,0.000522806,0.005934766,0.008576176,0.032282443
50.7959,3.5347,0.000490931,0.006394319,0.009953384,0.035182226
54.1431,3.3472,0.000464889,0.006829587,0.011324939,0.037906834
57.333,3.1899,0.000443042,0.007244477,0.012692287,0.040487126
60.3883,3.0553,0.000424347,0.007641924,0.014056353,0.042946376
63.3267,2.9384,0.000408111,0.00802422,0.015417789,0.045303633
66.1621,2.8354,0.000393806,0.008393164,0.016777119,0.047569844
68.9058,2.7437,0.000381069,0.008750218,0.018134664,0.049756079
71.5672,2.6614,0.000369639,0.0090966,0.01949068,0.051872495
74.1542,2.587,0.000359306,0.009433332,0.020845404,0.053927061
76.6734,2.5192,0.000349889,0.009761269,0.022199048,0.055923842
79.1304,2.457,0.00034125,0.010081136,0.023551736,0.057866616
81.5302,2.3998,0.000333306,0.010393582,0.02490354,0.059763515
83.8771,2.3469,0.000325958,0.010699164,0.026254606,0.061616936
86.1748,2.2977,0.000319125,0.01099836,0.027605027,0.06342807
88.4266,2.2518,0.00031275,0.011291599,0.028954834,0.065200494
90.6355,2.2089,0.000306792,0.011390308,0.030304069,0.066938658
92.8304,2.1949,0.000304847,0.0113742,0.030764069,0.067524055
95.0253,2.1949,0.000304847,0.011322773,0.030688803,0.067358853
97.2202,2.1949,0.000304847,0.011267208,0.030449027,0.066832569
99.4151,2.1949,0.000304847,0.011217216,0.030190855,0.066265908
101.61,2.1949,0.000304847,0.011175035,0.029959366,0.065757812
103.8049,2.1949,0.000304847,0.011140473,0.029764632,0.06533039
105.9998,2.1949,0.000304847,0.011112618,0.029605476,0.06498106
108.1947,2.1949,0.000304847,0.011090415,0.029477463,0.064700084
110.3896,2.1949,0.000304847,0.011072872,0.029375596,0.064476495
112.5845,2.1949,0.000304847,0.011059117,0.029295212,0.064300061
114.7794,2.1949,0.000304847,0.01104841,0.02923225,0.064161865
116.9743,2.1949,0.000304847,0.011040135,0.02918328,0.064054381
119.1692,2.1949,0.000304847,0.011033789,0.02914546,0.06397137
121.3641,2.1949,0.000304847,0.01102896,0.029116466,0.063907731
123.559,2.1949,0.000304847,0.011025318,0.029094412,0.063859326
125.7539,2.1949,0.000304847,0.011022601,0.029077787,0.063822834
127.9488,2.1949,0.000304847,0.011020598,0.029065381,0.063795605
130.1437,2.1949,0.000304847,0.011019145,0.029056241,0.063775542
132.3386,2.1949,0.000304847,0.011018114,0.029049612,0.063760994
134.5335,2.1949,0.000304847,0.011017405,0.029044908,0.063750669
136.7284,2.1949,0.000304847,0.011016938,0.02904167,0.063743561
138.9233,2.1949,0.000304847,0.011016656,0.029039544,0.063738894
141.1182,2.1949,0.000304847,0.011016512,0.029038255,0.063736067
143.3131,2.1949,0.000304847,0.01101647,0.029037596,0.06373462
145.508,2.1949,0.000304847,0.011016504,0.029037405,0.0637342
147.7029,2.1949,0.000304847,0.011016593,0.02903756,0.063734541
149.8978,2.1949,0.000304847,0.011016723,0.02903797,0.063735439
152.0927,2.1949,0.000304847,0.011016882,0.029038562,0.06373674
154.2876,2.1949,0.000304847,0.011017061,0.029039286,0.063738328
156.4825,2.1949,0.000304847,0.011017253,0.0290401,0.063740116
158.6774,2.1949,0.000304847,0.011017453,0.029040977,0.063742039
160.8723,2.1949,0.000304847,0.011017659,0.029041892,0.063744049
163.0672,2.1949,0.000304847,0.011017867,0.029042831,0.063746109
165.2621,2.1949,0.000304847,0.011018076,0.02904378,0.063748193
167.457,2.1949,0.000304847,0.011018283,0.029044732,0.063750282
169.6519,2.1949,0.000304847,0.011018489,0.02904568,0.063752362
171.8468,2.1949,0.000304847,0.011018692,0.029046618,0.063754423
174.0417,2.1949,0.000304847,0.011018892,0.029047545,0.063756457
176.2366,2.1949,0.000304847,0.011019089,0.029048458,0.06375846
178.4315,2.1949,0.000304847,0.011019282,0.029049355,0.063760429
180.6264,2.1949,0.000304847,0.011019471,0.029050235,0.063762362
182.8213,2.1949,0.000304847,0.011019656,0.029051099,0.063764257
185.0162,2.1949,0.000304847,0.011019838,0.029051945,0.063766115
187.2111,2.1949,0.000304847,0.011020016,0.029052775,0.063767935
189.406,2.1949,0.000304847,0.011020191,0.029053587,0.063769718
191.6009,2.1949,0.000304847,0.011020361,0.029054383,0.063771464
193.7958,2.1949,0.000304847,0.011020529,0.029055162,0.063773174
195.9907,2.1949,0.000304847,0.011020692,0.029055925,0.06377485
198.1856,2.1949,0.000304847,0.011020853,0.029056673,0.063776491
200.3805,2.1949,0.000304847,0.01102101,0.029057405,0.063778099
202.5754,2.1949,0.000304847,0.011021164,0.029058123,0.063779674
204.7703,2.1949,0.000304847,0.011021316,0.029058827,0.063781219
206.9652,2.1949,0.000304847,0.011021464,0.029059517,0.063782733
209.1601,2.1949,0.000304847,0.011021609,0.029060193,0.063784217
211.355,2.1949,0.000304847,0.011021752,0.029060856,0.063785674
213.5499,2.1949,0.000304847,0.011021892,0.029061507,0.063787102
215.7448,2.1949,0.000304847,0.011022029,0.029062146,0.063788504
217.9397,2.1949,0.000304847,0.011022164,0.029062773,0.06378988
220.1346,2.1949,0.000304847,0.011022296,0.029063388,0.063791231
222.3295,2.1949,0.000304847,0.011022426,0.029063993,0.063792558
224.5244,2.1949,0.000304847,0.011022554,0.029064586,0.063793861
226.7193,2.1949,0.000304847,0.01102268,0.029065169,0.06379514
228.9142,2.1949,0.000304847,0.011022803,0.029065742,0.063796398
231.1091,2.1949,0.000304847,0.011022924,0.029066306,0.063797634
233.304,2.1949,0.000304847,0.011023044,0.029066859,0.063798849
235.4989,2.1949,0.000304847,0.011023161,0.029067403,0.063800044
237.6938,2.1949,0.000304847,0.011023276,0.029067939,0.063801218
239.8887,2.1949,0.000304847,0.01102339,0.029068465,0.063802374
242.0836,2.1949,0.000304847,0.011023501,0.029068983,0.063803511
244.2785,2.1949,0.000304847,0.011023611,0.029069493,0.063804629
246.4734,2.1949,0.000304847,0.011023719,0.029069994,0.06380573
248.6683,2.1949,0.000304847,0.011023826,0.029070488,0.063806813
250.8632,2.1949,0.000304847,0.011023931,0.029070974,0.06380788
253.0581,2.1949,0.000304847,0.011024034,0.029071452,0.06380893
255.253,2.1949,0.000304847,0.011024135,0.029071923,0.063809964
257.4479,2.1949,0.000304847,0.011024236,0.029072387,0.063810983
259.6428,2.1949,0.000304847,0.011024334,0.029072844,0.063811986
261.8377,2.1949,0.000304847,0.011024431,0.029073295,0.063812975
264.0326,2.1949,0.000304847,0.011024527,0.029073739,0.063813949
266.2275,2.1949,0.000304847,0.011024622,0.029074176,0.063814909
268.4224,2.1949,0.000304847,0.011024715,0.029074607,0.063815856
270.6173,2.1949,0.000304847,0.011024807,0.029075032,0.063816789
272.8122,2.1949,0.000304847,0.011024897,0.029075452,0.063817708
275.0071,2.1949,0.000304847,0.011024987,0.029075865,0.063818616
277.202,2.1949,0.000304847,0.011025075,0.029076272,0.06381951
279.3969,2.1949,0.000304847,0.011025161,0.029076674,0.063820393
281.5918,2.1949,0.000304847,0.011025247,0.029077071,0.063821263
283.7867,2.1949,0.000304847,0.011025332,0.029077462,0.063822122
285.9816,2.1949,0.000304847,0.011025415,0.029077848,0.063822969
288.1765,2.1949,0.000304847,0.011025498,0.029078229,0.063823805
290.3714,2.1949,0.000304847,0.011025579,0.029078605,0.063824631
292.5663,2.1949,0.000304847,0.011025659,0.029078976,0.063825445
294.7612,2.1949,0.000304847,0.011025738,0.029079343,0.06382625
296.9561,2.1949,0.000304847,0.011025817,0.029079705,0.063827044
299.151,2.1949,0.000304847,0.011025894,0.029080062,0.063827828
301.3459,2.1949,0.000304847,0.01102597,0.029080415,0.063828602
303.5408,2.1949,0.000304847,0.011026046,0.029080763,0.063829367
305.7357,2.1949,0.000304847,0.01102612,0.029081107,0.063830122
307.9306,2.1949,0.000304847,0.011026194,0.029081447,0.063830868
310.1255,2.1949,0.000304847,0.011026266,0.029081783,0.063831605
312.3204,2.1949,0.000304847,0.011026338,0.029082115,0.063832333
314.5153,2.1949,0.000304847,0.011026409,0.029082442,0.063833053
316.7102,2.1949,0.000304847,0.011026479,0.029082766,0.063833764
318.9051,2.1949,0.000304847,0.011026549,0.029083087,0.063834467
321.1,2.1949,0.000304847,0.011026617,0.029083403,0.063835161
323.2949,2.1949,0.000304847,0.011026685,0.029083716,0.063835848
325.4898,2.1949,0.000304847,0.011026752,0.029084025,0.063836527
327.6847,2.1949,0.000304847,0.011026818,0.029084331,0.063837198
329.8796,2.1949,0.000304847,0.011026883,0.029084633,0.063837861
332.0745,2.1949,0.000304847,0.011026948,0.029084932,0.063838518
334.2694,2.1949,0.000304847,0.011027012,0.029085228,0.063839166
336.4643,2.1949,0.000304847,0.011027076,0.02908552,0.063839808
338.6592,2.1949,0.000304847,0.011027138,0.029085809,0.063840443
340.8541,2.1949,0.000304847,0.0110272,0.029086095,0.063841071
343.049,2.1949,0.000304847,0.011027262,0.029086378,0.063841692
345.2439,2.1949,0.000304847,0.011027322,0.029086658,0.063842307
347.4388,2.1949,0.000304847,0.011027382,0.029086935,0.063842915
349.6337,2.1949,0.000304847,0.011027442,0.029087209,0.063843516
351.8286,2.1949,0.000304847,0.0110275,0.029087481,0.063844111
354.0235,2.1949,0.000304847,0.011027559,0.029087749,0.063844701
356.2184,2.1949,0.000304847,0.011027616,0.029088015,0.063845284
358.4133,2.1949,0.000304847,0.011027673,0.029088278,0.063845861
360.6082,2.1949,0.000304847,0.01102773,0.029088538,0.063846432
362.8031,2.1949,0.000304847,0.011027785,0.029088796,0.063846997
364.998,2.1949,0.000304847,0.011027841,0.029089051,0.063847557
367.1929,2.1949,0.000304847,0.011027896,0.029089303,0.063848111
369.3878,2.1949,0.000304847,0.01102795,0.029089553,0.06384866
371.5827,2.1949,0.000304847,0.011028003,0.029089801,0.063849203
373.7776,2.1949,0.000304847,0.011028057,0.029090046,0.063849742
375.9725,2.1949,0.000304847,0.011028109,0.029090289,0.063850274
378.1674,2.1949,0.000304847,0.011028161,0.029090529,0.063850802
380.3623,2.1949,0.000304847,0.011028213,0.029090767,0.063851325
382.5572,2.1949,0.000304847,0.011028264,0.029091003,0.063851842
384.7521,2.1949,0.000304847,0.011028315,0.029091237,0.063852355
386.947,2.1949,0.000304847,0.011028365,0.029091468,0.063852863
389.1419,2.1949,0.000304847,0.011028415,0.029091697,0.063853366
391.3368,2.1949,0.000304847,0.011028464,0.029091924,0.063853865
393.5317,2.1949,0.000304847,0.011028513,0.029092149,0.063854359
395.7266,2.1949,0.000304847,0.011028561,0.029092372,0.063854848
397.9215,2.1949,0.000304847,0.011028609,0.029092593,0.063855333
400.1164,2.1949,0.000304847,0.011028657,0.029092812,0.063855814
402.3113,2.1949,0.000304847,0.011028704,0.029093029,0.06385629
404.5062,2.1949,0.000304847,0.011028751,0.029093244,0.063856762
406.7011,2.1949,0.000304847,0.011028797,0.029093458,0.06385723
408.896,2.1949,0.000304847,0.011028843,0.029093669,0.063857694
411.0909,2.1949,0.000304847,0.011028888,0.029093878,0.063858153
413.2858,2.1949,0.000304847,0.011028933,0.029094086,0.063858609
415.4807,2.1949,0.000304847,0.011028978,0.029094292,0.063859061
417.6756,2.1949,0.000304847,0.011029022,0.029094496,0.063859508
419.8705,2.1949,0.000304847,0.011029066,0.029094698,0.063859952
422.0654,2.1949,0.000304847,0.01102911,0.029094898,0.063860393
424.2603,2.1949,0.000304847,0.011029153,0.029095097,0.063860829
426.4552,2.1949,0.000304847,0.011029196,0.029095294,0.063861262
428.6501,2.1949,0.000304847,0.011029238,0.02909549,0.063861691
430.845,2.1949,0.000304847,0.01102928,0.029095684,0.063862116
433.0399,2.1949,0.000304847,0.011029322,0.029095876,0.063862538
435.2348,2.1949,0.000304847,0.011029364,0.029096067,0.063862957
437.4297,2.1949,0.000304847,0.011029405,0.029096256,0.063863372
439.6246,2.1949,0.000304847,0.011029445,0.029096443,0.063863784
441.8195,2.1949,0.000304847,0.011029486,0.029096629,0.063864192
444.0144,2.1949,0.000304847,0.011029526,0.029096814,0.063864597
446.2093,2.1949,0.000304847,0.011029566,0.029096997,0.063864999
448.4042,2.1949,0.000304847,0.011029605,0.029097179,0.063865398
450.5991,2.1949,0.000304847,0.011029644,0.029097359,0.063865793
452.794,2.1949,0.000304847,0.011029683,0.029097538,0.063866185
454.9889,2.1949,0.000304847,0.011029722,0.029097715,0.063866575
457.1838,2.1949,0.000304847,0.01102976,0.029097891,0.063866961
459.3787,2.1949,0.000304847,0.011029798,0.029098066,0.063867344
461.5736,2.1949,0.000304847,0.011029835,0.029098239,0.063867724
463.7685,2.1949,0.000304847,0.011029873,0.029098411,0.063868102
465.9634,2.1949,0.000304847,0.01102991,0.029098581,0.063868476
468.1583,2.1949,0.000304847,0.011029947,0.029098751,0.063868848
470.3532,2.1949,0.000304847,0.011029983,0.029098919,0.063869217
472.5481,2.1949,0.000304847,0.011030019,0.029099085,0.063869583
474.743,2.1949,0.000304847,0.011030055,0.029099251,0.063869946
476.9379,2.1949,0.000304847,0.011030091,0.029099415,0.063870306
479.1328,2.1949,0.000304847,0.011030127,0.029099578,0.063870664
481.3277,2.1949,0.000304847,0.011030162,0.02909974,0.063871019
483.5226,2.1949,0.000304847,0.011030197,0.029099901,0.063871372
485.7175,2.1949,0.000304847,0.011030231,0.02910006,0.063871722
487.9124,2.1949,0.000304847,0.011030266,0.029100219,0.06387207
490.1073,2.1949,0.000304847,0.0110303,0.029100376,0.063872415
492.3022,2.1949,0.000304847,0.011030334,0.029100532,0.063872757
494.4971,2.1949,0.000304847,0.011030368,0.029100687,0.063873097
496.692,2.1949,0.000304847,0.011030401,0.02910084,0.063873435
498.8869,2.1949,0.000304847,0.011030434,0.029100993,0.06387377
501.0818,2.1949,0.000304847,0.011030467,0.029101145,0.063874103
503.2767,2.1949,0.000304847,0.0110305,0.029101295,0.063874433
505.4716,2.1949,0.000304847,0.011030532,0.029101445,0.063874762
507.6665,2.1949,0.000304847,0.011030565,0.029101593,0.063875087
509.8614,2.1949,0.000304847,0.011030597,0.029101741,0.063875411
512.0563,2.1949,0.000304847,0.011030629,0.029101887,0.063875733
514.2512,2.1949,0.000304847,0.01103066,0.029102033,0.063876052
516.4461,2.1949,0.000304847,0.011030692,0.029102177,0.063876369
518.641,2.1949,0.000304847,0.011030723,0.029102321,0.063876684
520.8359,2.1949,0.000304847,0.011030754,0.029102463,0.063876996
523.0308,2.1949,0.000304847,0.011030785,0.029102605,0.063877307
525.2257,2.1949,0.000304847,0.011030815,0.029102745,0.063877615
527.4206,2.1949,0.000304847,0.011030846,0.029102885,0.063877922
529.6155,2.1949,0.000304847,0.011030876,0.029103024,0.063878226
531.8104,2.1949,0.000304847,0.011030906,0.029103161,0.063878529
534.0053,2.1949,0.000304847,0.011030935,0.029103298,0.063878829
536.2002,2.1949,0.000304847,0.011030965,0.029103434,0.063879128
538.3951,2.1949,0.000304847,0.011030994,0.029103569,0.063879424
540.59,2.1949,0.000304847,0.011031024,0.029103703,0.063879719
542.7849,2.1949,0.000304847,0.011031053,0.029103837,0.063880011
544.9798,2.1949,0.000304847,0.011031081,0.029103969,0.063880302
547.1747,2.1949,0.000304847,0.01103111,0.029104101,0.063880591
549.3696,2.1949,0.000304847,0.011031139,0.029104232,0.063880878
551.5645,2.1949,0.000304847,0.011031167,0.029104362,0.063881163
553.7594,2.1949,0.000304847,0.011031195,0.029104491,0.063881446
555.9543,2.1949,0.000304847,0.011031223,0.029104619,0.063881728
558.1492,2.1949,0.000304847,0.011031251,0.029104746,0.063882008
560.3441,2.1949,0.000304847,0.011031278,0.029104873,0.063882286
562.539,2.1949,0.000304847,0.011031306,0.029104999,0.063882562
564.7339,2.1949,0.000304847,0.011031333,0.029105124,0.063882837
566.9288,2.1949,0.000304847,0.01103136,0.029105248,0.06388311
569.1237,2.1949,0.000304847,0.011031387,0.029105372,0.063883381
571.3186,2.1949,0.000304847,0.011031413,0.029105495,0.063883651
573.5135,2.1949,0.000304847,0.01103144,0.029105617,0.063883919
575.7084,2.1949,0.000304847,0.011031466,0.029105738,0.063884185
577.9033,2.1949,0.000304847,0.011031493,0.029105859,0.06388445
580.0982,2.1949,0.000304847,0.011031519,0.029105979,0.063884713
582.2931,2.1949,0.000304847,0.011031545,0.029106098,0.063884974
584.488,2.1949,0.000304847,0.01103157,0.029106216,0.063885234
586.6829,2.1949,0.000304847,0.011031596,0.029106334,0.063885492
588.8778,2.1949,0.000304847,0.011031622,0.029106451,0.063885749
591.0727,2.1949,0.000304847,0.011031647,0.029106567,0.063886005
593.2676,2.1949,0.000304847,0.011031672,0.029106683,0.063886258
595.4625,2.1949,0.000304847,0.011031697,0.029106798,0.063886511
597.6574,2.1949,0.000304847,0.011031722,0.029106912,0.063886762
599.8523,2.1949,0.000304847,0.011031747,0.029107026,0.063887011
602.0472,2.1949,0.000304847,0.011031771,0.029107139,0.063887259
604.2421,2.1949,0.000304847,0.011031796,0.029107251,0.063887505
606.437,2.1949,0.000304847,0.01103182,0.029107363,0.063887751
608.6319,2.1949,0.000304847,0.011031844,0.029107474,0.063887994
610.8268,2.1949,0.000304847,0.011031868,0.029107584,0.063888237
613.0217,2.1949,0.000304847,0.011031892,0.029107694,0.063888477
615.2166,2.1949,0.000304847,0.011031916,0.029107803,0.063888717
617.4115,2.1949,0.000304847,0.01103194,0.029107912,0.063888955
619.6064,2.1949,0.000304847,0.011031963,0.02910802,0.063889192
621.8013,2.1949,0.000304847,0.011031986,0.029108127,0.063889428
623.9962,2.1949,0.000304847,0.01103201,0.029108234,0.063889662
626.1911,2.1949,0.000304847,0.011032033,0.02910834,0.063889895
628.386,2.1949,0.000304847,0.011032056,0.029108445,0.063890126
630.5809,2.1949,0.000304847,0.011032079,0.02910855,0.063890357
632.7758,2.1949,0.000304847,0.011032101,0.029108654,0.063890586
634.9707,2.1949,0.000304847,0.011032124,0.029108758,0.063890814
637.1656,2.1949,0.000304847,0.011032146,0.029108861,0.06389104
639.3605,2.1949,0.000304847,0.011032169,0.029108964,0.063891265
641.5554,2.1949,0.000304847,0.011032191,0.029109066,0.06389149
643.7503,2.1949,0.000304847,0.011032213,0.029109168,0.063891712
645.9452,2.1949,0.000304847,0.011032235,0.029109269,0.063891934
648.1401,2.1949,0.000304847,0.011032257,0.029109369,0.063892155
650.335,2.1949,0.000304847,0.011032279,0.029109469,0.063892374
652.5299,2.1949,0.000304847,0.0110323,0.029109569,0.063892592
654.7248,2.1949,0.000304847,0.011032322,0.029109667,0.063892809
656.9197,2.1949,0.000304847,0.011032343,0.029109766,0.063893025
659.1146,2.1949,0.000304847,0.011032365,0.029109864,0.06389324
661.3095,2.1949,0.000304847,0.011032386,0.029109961,0.063893453
663.5044,2.1949,0.000304847,0.011032407,0.029110058,0.063893666
665.6993,2.1949,0.000304847,0.011032428,0.029110154,0.063893877
667.8942,2.1949,0.000304847,0.011032449,0.02911025,0.063894087
670.0891,2.1949,0.000304847,0.011032469,0.029110345,0.063894297
672.284,2.1949,0.000304847,0.01103249,0.02911044,0.063894505
674.4789,2.1949,0.000304847,0.011032511,0.029110534,0.063894712
676.6738,2.1949,0.000304847,0.011032531,0.029110628,0.063894918
678.8687,2.1949,0.000304847,0.011032551,0.029110721,0.063895122
681.0636,2.1949,0.000304847,0.011032572,0.029110814,0.063895326
683.2585,2.1949,0.000304847,0.011032592,0.029110907,0.063895529
685.4534,2.1949,0.000304847,0.011032612,0.029110999,0.063895731
687.6483,2.1949,0.000304847,0.011032632,0.02911109,0.063895932
689.8432,2.1949,0.000304847,0.011032652,0.029111181,0.063896132
692.0381,2.1949,0.000304847,0.011032671,0.029111272,0.06389633
694.233,2.1949,0.000304847,0.011032691,0.029111362,0.063896528
696.4279,2.1949,0.000304847,0.011032711,0.029111452,0.063896725
698.6228,2.1949,0.000304847,0.01103273,0.029111541,0.063896921
700.8177,2.1949,0.000304847,0.011032749,0.029111629,0.063897116
703.0126,2.1949,0.000304847,0.011032769,0.029111718,0.063897309
705.2075,2.1949,0.000304847,0.011032788,0.029111806,0.063897502
707.4024,2.1949,0.000304847,0.011032807,0.029111893,0.063897694
709.5973,2.1949,0.000304847,0.011032826,0.02911198,0.063897885
711.7922,2.1949,0.000304847,0.011032845,0.029112067,0.063898076
713.9871,2.1949,0.000304847,0.011032863,0.029112153,0.063898265
716.182,2.1949,0.000304847,0.011032882,0.029112239,0.063898453
718.3769,2.1949,0.000304847,0.011032901,0.029112324,0.063898641
720.5718,2.1949,0.000304847,0.011032919,0.029112409,0.063898827
722.7667,2.1949,0.000304847,0.011032938,0.029112494,0.063899013
724.9616,2.1949,0.000304847,0.011032956,0.029112578,0.063899197
727.1565,2.1949,0.000304847,0.011032974,0.029112662,0.063899381
729.3514,2.1949,0.000304847,0.011032992,0.029112745,0.063899564
731.5463,2.1949,0.000304847,0.01103301,0.029112828,0.063899746
733.7412,2.1949,0.000304847,0.011033028,0.029112911,0.063899928
735.9361,2.1949,0.000304847,0.011033046,0.029112993,0.063900108
738.131,2.1949,0.000304847,0.011033064,0.029113075,0.063900287
740.3259,2.1949,0.000304847,0.011033082,0.029113156,0.063900466
742.5208,2.1949,0.000304847,0.0110331,0.029113237,0.063900644
744.7157,2.1949,0.000304847,0.011033117,0.029113318,0.063900821
746.9106,2.1949,0.000304847,0.011033135,0.029113398,0.063900997
749.1055,2.1949,0.000304847,0.011033152,0.029113478,0.063901173
751.3004,2.1949,0.000304847,0.011033169,0.029113558,0.063901347
753.4953,2.1949,0.000304847,0.011033187,0.029113637,0.063901521
755.6902,2.1949,0.000304847,0.011033204,0.029113716,0.063901694
757.8851,2.1949,0.000304847,0.011033221,0.029113794,0.063901867
760.08,2.1949,0.000304847,0.011033238,0.029113872,0.063902038
762.2749,2.1949,0.000304847,0.011033255,0.02911395,0.063902209
764.4698,2.1949,0.000304847,0.011033272,0.029114027,0.063902379
766.6647,2.1949,0.000304847,0.011033289,0.029114104,0.063902548
768.8596,2.1949,0.000304847,0.011033305,0.029114181,0.063902716
771.0545,2.1949,0.000304847,0.011033322,0.029114258,0.063902884
773.2494,2.1949,0.000304847,0.011033339,0.029114334,0.063903051
775.4443,2.1949,0.000304847,0.011033355,0.029114409,0.063903217
777.6392,2.1949,0.000304847,0.011033371,0.029114485,0.063903382
779.8341,2.1949,0.000304847,0.011033388,0.02911456,0.063903547
782.029,2.1949,0.000304847,0.011033404,0.029114634,0.063903711
784.2239,2.1949,0.000304847,0.01103342,0.029114709,0.063903874
786.4188,2.1949,0.000304847,0.011033436,0.029114783,0.063904037
788.6137,2.1949,0.000304847,0.011033453,0.029114857,0.063904199
790.8086,2.1949,0.000304847,0.011033469,0.02911493,0.06390436
793.0035,2.1949,0.000304847,0.011033484,0.029115003,0.06390452
795.1984,2.1949,0.000304847,0.0110335,0.029115076,0.06390468
797.3933,2.1949,0.000304847,0.011033516,0.029115148,0.063904839
799.5882,2.1949,0.000304847,0.011033532,0.02911522,0.063904997
801.7831,2.1949,0.000304847,0.011033548,0.029115292,0.063905155
803.978,2.1949,0.000304847,0.011033563,0.029115364,0.063905312
806.1729,2.1949,0.000304847,0.011033579,0.029115435,0.063905468
808.3678,2.1949,0.000304847,0.011033594,0.029115506,0.063905624
810.5627,2.1949,0.000304847,0.01103361,0.029115577,0.063905779
812.7576,2.1949,0.000304847,0.011033625,0.029115647,0.063905933
814.9525,2.1949,0.000304847,0.01103364,0.029115717,0.063906087
817.1474,2.1949,0.000304847,0.011033655,0.029115787,0.06390624
819.3423,2.1949,0.000304847,0.01103367,0.029115856,0.063906392
821.5372,2.1949,0.000304847,0.011033686,0.029115925,0.063906544
823.7321,2.1949,0.000304847,0.011033701,0.029115994,0.063906695
825.927,2.1949,0.000304847,0.011033715,0.029116063,0.063906846
828.1219,2.1949,0.000304847,0.01103373,0.029116131,0.063906996
830.3168,2.1949,0.000304847,0.011033745,0.029116199,0.063907145
832.5117,2.1949,0.000304847,0.01103376,0.029116267,0.063907294
834.7066,2.1949,0.000304847,0.011033775,0.029116334,0.063907442
836.9015,2.1949,0.000304847,0.011033789,0.029116401,0.063907589
839.0964,2.1949,0.000304847,0.011033804,0.029116468,0.063907736
841.2913,2.1949,0.000304847,0.011033818,0.029116535,0.063907882
843.4862,2.1949,0.000304847,0.011033833,0.029116601,0.063908028
845.6811,2.1949,0.000304847,0.011033847,0.029116667,0.063908173
847.876,2.1949,0.000304847,0.011033862,0.029116733,0.063908317
850.0709,2.1949,0.000304847,0.011033876,0.029116799,0.063908461
852.2658,2.1949,0.000304847,0.01103389,0.029116864,0.063908604
854.4607,2.1949,0.000304847,0.011033904,0.029116929,0.063908747
856.6556,2.1949,0.000304847,0.011033918,0.029116994,0.063908889
858.8505,2.1949,0.000304847,0.011033933,0.029117058,0.063909031
861.0454,2.1949,0.000304847,0.011033947,0.029117122,0.063909172
863.2403,2.1949,0.000304847,0.011033961,0.029117186,0.063909312
865.4352,2.1949,0.000304847,0.011033974,0.02911725,0.063909452
867.6301,2.1949,0.000304847,0.011033988,0.029117314,0.063909592
869.825,2.1949,0.000304847,0.011034002,0.029117377,0.06390973
872.0199,2.1949,0.000304847,0.011034016,0.02911744,0.063909869
874.2148,2.1949,0.000304847,0.011034029,0.029117503,0.063910006
876.4097,2.1949,0.000304847,0.011034043,0.029117565,0.063910144
878.6046,2.1949,0.000304847,0.011034057,0.029117627,0.06391028
880.7995,2.1949,0.000304847,0.01103407,0.029117689,0.063910416
882.9944,2.1949,0.000304847,0.011034084,0.029117751,0.063910552
885.1893,2.1949,0.000304847,0.011034097,0.029117813,0.063910687
887.3842,2.1949,0.000304847,0.01103411,0.029117874,0.063910821
889.5791,2.1949,0.000304847,0.011034124,0.029117935,0.063910955
891.774,2.1949,0.000304847,0.011034137,0.029117996,0.063911089
893.9689,2.1949,0.000304847,0.01103415,0.029118056,0.063911222
896.1638,2.1949,0.000304847,0.011034163,0.029118117,0.063911354
898.3587,2.1949,0.000304847,0.011034177,0.029118177,0.063911486
900.5536,2.1949,0.000304847,0.01103419,0.029118237,0.063911618
902.7485,2.1949,0.000304847,0.011034203,0.029118296,0.063911749
904.9434,2.1949,0.000304847,0.011034216,0.029118356,0.063911879
907.1383,2.1949,0.000304847,0.011034229,0.029118415,0.063912009
909.3332,2.1949,0.000304847,0.011034241,0.029118474,0.063912139
911.5281,2.1949,0.000304847,0.011034254,0.029118533,0.063912268
913.723,2.1949,0.000304847,0.011034267,0.029118591,0.063912396
915.9179,2.1949,0.000304847,0.01103428,0.02911865,0.063912524
918.1128,2.1949,0.000304847,0.011034292,0.029118708,0.063912652
920.3077,2.1949,0.000304847,0.011034305,0.029118766,0.063912779
922.5026,2.1949,0.000304847,0.011034318,0.029118824,0.063912906
924.6975,2.1949,0.000304847,0.01103433,0.029118881,0.063913032
926.8924,2.1949,0.000304847,0.011034343,0.029118938,0.063913158
929.0873,2.1949,0.000304847,0.011034355,0.029118995,0.063913283
931.2822,2.1949,0.000304847,0.011034367,0.029119052,0.063913408
933.4771,2.1949,0.000304847,0.01103438,0.029119109,0.063913532
935.672,2.1949,0.000304847,0.011034392,0.029119165,0.063913656
937.8669,2.1949,0.000304847,0.011034404,0.029119221,0.063913779
940.0618,2.1949,0.000304847,0.011034417,0.029119278,0.063913902
942.2567,2.1949,0.000304847,0.011034429,0.029119333,0.063914025
944.4516,2.1949,0.000304847,0.011034441,0.029119389,0.063914147
946.6465,2.1949,0.000304847,0.011034453,0.029119444,0.063914268
948.8414,2.1949,0.000304847,0.011034465,0.0291195,0.06391439
951.0363,2.1949,0.000304847,0.011034477,0.029119555,0.06391451
953.2312,2.1949,0.000304847,0.011034489,0.029119609,0.063914631
955.4261,2.1949,0.000304847,0.011034501,0.029119664,0.063914751
957.621,2.1949,0.000304847,0.011034513,0.029119719,0.06391487
959.8159,2.1949,0.000304847,0.011034525,0.029119773,0.063914989
962.0108,2.1949,0.000304847,0.011034536,0.029119827,0.063915108
964.2057,2.1949,0.000304847,0.011034548,0.029119881,0.063915226
966.4006,2.1949,0.000304847,0.01103456,0.029119934,0.063915344
968.5955,2.1949,0.000304847,0.011034572,0.029119988,0.063915461
970.7904,2.1949,0.000304847,0.011034583,0.029120041,0.063915578
972.9853,2.1949,0.000304847,0.011034595,0.029120094,0.063915695
975.1802,2.1949,0.000304847,0.011034606,0.029120147,0.063915811
977.3751,2.1949,0.000304847,0.011034618,0.0291202,0.063915927
979.57,2.1949,0.000304847,0.011034629,0.029120252,0.063916042
981.7649,2.1949,0.000304847,0.011034641,0.029120305,0.063916157
983.9598,2.1949,0.000304847,0.011034652,0.029120357,0.063916271
986.1547,2.1949,0.000304847,0.011034663,0.029120409,0.063916386
988.3496,2.1949,0.000304847,0.011034675,0.029120461,0.063916499
990.5445,2.1949,0.000304847,0.011034686,0.029120512,0.063916613
992.7394,2.1949,0.000304847,0.011034697,0.029120564,0.063916726
994.9343,2.1949,0.000304847,0.011034708,0.029120615,0.063916838
997.1292,2.1949,0.000304847,0.01103472,0.029120666,0.06391695
999.3241,2.1949,0.000304847,0.011034731,0.029120717,0.063917062
1001.519,2.1949,0.000304847,0.011034742,0.029120768,0.063917174
1003.7139,2.1949,0.000304847,0.011034753,0.029120819,0.063917285
1005.9088,2.1949,0.000304847,0.011034764,0.029120869,0.063917395
1008.1037,2.1949,0.000304847,0.011034775,0.029120919,0.063917506
1010.2986,2.1949,0.000304847,0.011034786,0.029120969,0.063917616
1012.4935,2.1949,0.000304847,0.011034797,0.029121019,0.063917725
1014.6884,2.1949,0.000304847,0.011034807,0.029121069,0.063917834
1016.8833,2.1949,0.000304847,0.011034818,0.029121119,0.063917943
1019.0782,2.1949,0.000304847,0.011034829,0.029121168,0.063918052
1021.2731,2.1949,0.000304847,0.01103484,0.029121217,0.06391816
1023.468,2.1949,0.000304847,0.01103485,0.029121266,0.063918268
1025.6629,2.1949,0.000304847,0.011034861,0.029121315,0.063918375
1027.8578,2.1949,0.000304847,0.011034872,0.029121364,0.063918482
1030.0527,2.1949,0.000304847,0.011034882,0.029121413,0.063918589
1032.2476,2.1949,0.000304847,0.011034893,0.029121461,0.063918695
1034.4425,2.1949,0.000304847,0.011034904,0.029121509,0.063918801
1036.6374,2.1949,0.000304847,0.011034914,0.029121558,0.063918907
1038.8323,2.1949,0.000304847,0.011034924,0.029121605,0.063919012
1041.0272,2.1949,0.000304847,0.011034935,0.029121653,0.063919117
1043.2221,2.1949,0.000304847,0.011034945,0.029121701,0.063919221
1045.417,2.1949,0.000304847,0.011034956,0.029121748,0.063919326
1047.6119,2.1949,0.000304847,0.011034966,0.029121796,0.06391943
1049.8068,2.1949,0.000304847,0.011034976,0.029121843,0.063919533
1052.0017,2.1949,0.000304847,0.011034987,0.02912189,0.063919636
1054.1966,2.1949,0.000304847,0.011034997,0.029121937,0.063919739
1056.3915,2.1949,0.000304847,0.011035007,0.029121984,0.063919842
1058.5864,2.1949,0.000304847,0.011035017,0.02912203,0.063919944
1060.7813,2.1949,0.000304847,0.011035027,0.029122077,0.063920046
1062.9762,2.1949,0.000304847,0.011035037,0.029122123,0.063920148
1065.1711,2.1949,0.000304847,0.011035047,0.029122169,0.063920249
1067.366,2.1949,0.000304847,0.011035058,0.029122215,0.06392035
1069.5609,2.1949,0.000304847,0.011035068,0.029122261,0.06392045
1071.7558,2.1949,0.000304847,0.011035077,0.029122307,0.063920551
1073.9507,2.1949,0.000304847,0.011035087,0.029122352,0.063920651
1076.1456,2.1949,0.000304847,0.011035097,0.029122398,0.06392075
1078.3405,2.1949,0.000304847,0.011035107,0.029122443,0.06392085
1080.5354,2.1949,0.000304847,0.011035117,0.029122488,0.063920949
1082.7303,2.1949,0.000304847,0.011035127,0.029122533,0.063921048
1084.9252,2.1949,0.000304847,0.011035137,0.029122578,0.063921146
1087.1201,2.1949,0.000304847,0.011035146,0.029122623,0.063921244
1089.315,2.1949,0.000304847,0.011035156,0.029122667,0.063921342
1091.5099,2.1949,0.000304847,0.011035166,0.029122712,0.06392144
1093.7048,2.1949,0.000304847,0.011035176,0.029122756,0.063921537
1095.8997,2.1949,0.000304847,0.011035185,0.0291228,0.063921634
1098.0946,2.1949,0.000304847,0.011035195,0.029122844,0.06392173
1100.2895,2.1949,0.000304847,0.011035204,0.029122888,0.063921827
1102.4844,2.1949,0.000304847,0.011035214,0.029122932,0.063921923
1104.6793,2.1949,0.000304847,0.011035223,0.029122975,0.063922018
1106.8742,2.1949,0.000304847,0.011035233,0.029123019,0.063922114
1109.0691,2.1949,0.000304847,0.011035242,0.029123062,0.063922209
1111.264,2.1949,0.000304847,0.011035252,0.029123105,0.063922304
1113.4589,2.1949,0.000304847,0.011035261,0.029123148,0.063922398
1115.6538,2.1949,0.000304847,0.011035271,0.029123191,0.063922492
1117.8487,2.1949,0.000304847,0.01103528,0.029123234,0.063922586
1120.0436,2.1949,0.000304847,0.011035289,0.029123277,0.06392268
1122.2385,2.1949,0.000304847,0.011035298,0.029123319,0.063922774
1124.4334,2.1949,0.000304847,0.011035308,0.029123362,0.063922867
1126.6283,2.1949,0.000304847,0.011035317,0.029123404,0.06392296
1128.8232,2.1949,0.000304847,0.011035326,0.029123446,0.063923052
1131.0181,2.1949,0.000304847,0.011035335,0.029123488,0.063923144
1133.213,2.1949,0.000304847,0.011035345,0.02912353,0.063923236
1135.4079,2.1949,0.000304847,0.011035354,0.029123572,0.063923328
1137.6028,2.1949,0.000304847,0.011035363,0.029123614,0.06392342
1139.7977,2.1949,0.000304847,0.011035372,0.029123655,0.063923511
1141.9926,2.1949,0.000304847,0.011035381,0.029123697,0.063923602
1144.1875,2.1949,0.000304847,0.01103539,0.029123738,0.063923692
1146.3824,2.1949,0.000304847,0.011035399,0.029123779,0.063923783
1148.5773,2.1949,0.000304847,0.011035408,0.02912382,0.063923873
1150.7722,2.1949,0.000304847,0.011035417,0.029123861,0.063923963
1152.9671,2.1949,0.000304847,0.011035426,0.029123902,0.063924052
1155.162,2.1949,0.000304847,0.011035435,0.029123943,0.063924142
1157.3569,2.1949,0.000304847,0.011035443,0.029123983,0.063924231
1159.5518,2.1949,0.000304847,0.011035452,0.029124024,0.06392432
1161.7467,2.1949,0.000304847,0.011035461,0.029124064,0.063924408
1163.9416,2.1949,0.000304847,0.01103547,0.029124104,0.063924496
1166.1365,2.1949,0.000304847,0.011035479,0.029124144,0.063924584
1168.3314,2.1949,0.000304847,0.011035487,0.029124184,0.063924672
1170.5263,2.1949,0.000304847,0.011035496,0.029124224,0.06392476
1172.7212,2.1949,0.000304847,0.011035505,0.029124264,0.063924847
1174.9161,2.1949,0.000304847,0.011035513,0.029124304,0.063924934
1177.111,2.1949,0.000304847,0.011035522,0.029124343,0.063925021
1179.3059,2.1949,0.000304847,0.011035531,0.029124383,0.063925107
1181.5008,2.1949,0.000304847,0.011035539,0.029124422,0.063925193
1183.6957,2.1949,0.000304847,0.011035548,0.029124461,0.063925279
1185.8906,2.1949,0.000304847,0.011035556,0.0291245,0.063925365
1188.0855,2.1949,0.000304847,0.011035565,0.029124539,0.063925451
1190.2804,2.1949,0.000304847,0.011035573,0.029124578,0.063925536
1192.4753,2.1949,0.000304847,0.011035582,0.029124617,0.063925621
1194.6702,2.1949,0.000304847,0.01103559,0.029124655,0.063925706
1196.8651,2.1949,0.000304847,0.011035599,0.029124694,0.06392579
1199.06,2.1949,0.000304847,0.011035607,0.029124732,0.063925875
1201.2549,2.1949,0.000304847,0.011035615,0.029124771,0.063925959
1203.4498,2.1949,0.000304847,0.011035624,0.029124809,0.063926043
1205.6447,2.1949,0.000304847,0.011035632,0.029124847,0.063926126
1207.8396,2.1949,0.000304847,0.01103564,0.029124885,0.06392621
1210.0345,2.1949,0.000304847,0.011035648,0.029124923,0.063926293
1212.2294,2.1949,0.000304847,0.011035657,0.02912496,0.063926376
1214.4243,2.1949,0.000304847,0.011035665,0.029124998,0.063926458
1216.6192,2.1949,0.000304847,0.011035673,0.029125036,0.063926541
1218.8141,2.1949,0.000304847,0.011035681,0.029125073,0.063926623
1221.009,2.1949,0.000304847,0.011035689,0.029125111,0.063926705
1223.2039,2.1949,0.000304847,0.011035698,0.029125148,0.063926787
1225.3988,2.1949,0.000304847,0.011035706,0.029125185,0.063926868
1227.5937,2.1949,0.000304847,0.011035714,0.029125222,0.06392695
1229.7886,2.1949,0.000304847,0.011035722,0.029125259,0.063927031
1231.9835,2.1949,0.000304847,0.01103573,0.029125296,0.063927112
1234.1784,2.1949,0.000304847,0.011035738,0.029125333,0.063927192
1236.3733,2.1949,0.000304847,0.011035746,0.029125369,0.063927273
1238.5682,2.1949,0.000304847,0.011035754,0.029125406,0.063927353
1240.7631,2.1949,0.000304847,0.011035762,0.029125442,0.063927433
1242.958,2.1949,0.000304847,0.01103577,0.029125479,0.063927513
1245.1529,2.1949,0.000304847,0.011035778,0.029125515,0.063927592
1247.3478,2.1949,0.000304847,0.011035786,0.029125551,0.063927672
1249.5427,2.1949,0.000304847,0.011035793,0.029125587,0.063927751
1251.7376,2.1949,0.000304847,0.011035801,0.029125623,0.06392783
1253.9325,2.1949,0.000304847,0.011035809,0.029125659,0.063927908
1256.1274,2.1949,0.000304847,0.011035817,0.029125695,0.063927987
1258.3223,2.1949,0.000304847,0.011035825,0.02912573,0.063928065
1260.5172,2.1949,0.000304847,0.011035833,0.029125766,0.063928143
1262.7121,2.1949,0.000304847,0.01103584,0.029125801,0.063928221
1264.907,2.1949,0.000304847,0.011035848,0.029125837,0.063928299
1267.1019,2.1949,0.000304847,0.011035856,0.029125872,0.063928376
1269.2968,2.1949,0.000304847,0.011035863,0.029125907,0.063928453
1271.4917,2.1949,0.000304847,0.011035871,0.029125942,0.06392853
1273.6866,2.1949,0.000304847,0.011035879,0.029125977,0.063928607
1275.8815,2.1949,0.000304847,0.011035886,0.029126012,0.063928684
1278.0764,2.1949,0.000304847,0.011035894,0.029126047,0.06392876
1280.2713,2.1949,0.000304847,0.011035901,0.029126082,0.063928837
1282.4662,2.1949,0.000304847,0.011035909,0.029126116,0.063928913
1284.6611,2.1949,0.000304847,0.011035917,0.029126151,0.063928988
1286.856,2.1949,0.000304847,0.011035924,0.029126185,0.063929064
1289.0509,2.1949,0.000304847,0.011035932,0.02912622,0.063929139
1291.2458,2.1949,0.000304847,0.011035939,0.029126254,0.063929215
1293.4407,2.1949,0.000304847,0.011035947,0.029126288,0.06392929
1295.6356,2.1949,0.000304847,0.011035954,0.029126322,0.063929364
1297.8305,2.1949,0.000304847,0.011035961,0.029126356,0.063929439
1300.0254,2.1949,0.000304847,0.011035969,0.02912639,0.063929514
1302.2203,2.1949,0.000304847,0.011035976,0.029126424,0.063929588
1304.4152,2.1949,0.000304847,0.011035984,0.029126458,0.063929662
1306.6101,2.1949,0.000304847,0.011035991,0.029126491,0.063929736
1308.805,2.1949,0.000304847,0.011035998,0.029126525,0.063929809
1310.9999,2.1949,0.000304847,0.011036006,0.029126558,0.063929883
1313.1948,2.1949,0.000304847,0.011036013,0.029126592,0.063929956
1315.3897,2.1949,0.000304847,0.01103602,0.029126625,0.063930029
1317.5846,2.1949,0.000304847,0.011036027,0.029126658,0.063930102
1319.7795,2.1949,0.000304847,0.011036035,0.029126691,0.063930175
1321.9744,2.1949,0.000304847,0.011036042,0.029126724,0.063930247
1324.1693,2.1949,0.000304847,0.011036049,0.029126757,0.06393032
1326.3642,2.1949,0.000304847,0.011036056,0.02912679,0.063930392
1328.5591,2.1949,0.000304847,0.011036063,0.029126823,0.063930464
1330.754,2.1949,0.000304847,0.011036071,0.029126856,0.063930536
1332.9489,2.1949,0.000304847,0.011036078,0.029126888,0.063930607
1335.1438,2.1949,0.000304847,0.011036085,0.029126921,0.063930679
1337.3387,2.1949,0.000304847,0.011036092,0.029126953,0.06393075
1339.5336,2.1949,0.000304847,0.011036099,0.029126986,0.063930821
1341.7285,2.1949,0.000304847,0.011036106,0.029127018,0.063930892
1343.9234,2.1949,0.000304847,0.011036113,0.02912705,0.063930963
1346.1183,2.1949,0.000304847,0.01103612,0.029127082,0.063931033
1348.3132,2.1949,0.000304847,0.011036127,0.029127115,0.063931104
1350.5081,2.1949,0.000304847,0.011036134,0.029127147,0.063931174
1352.703,2.1949,0.000304847,0.011036141,0.029127178,0.063931244
1354.8979,2.1949,0.000304847,0.011036148,0.02912721,0.063931314
1357.0928,2.1949,0.000304847,0.011036155,0.029127242,0.063931383
1359.2877,2.1949,0.000304847,0.011036162,0.029127274,0.063931453
1361.4826,2.1949,0.000304847,0.011036169,0.029127305,0.063931522
1363.6775,2.1949,0.000304847,0.011036176,0.029127337,0.063931591
1365.8724,2.1949,0.000304847,0.011036182,0.029127368,0.06393166
1368.0673,2.1949,0.000304847,0.011036189,0.0291274,0.063931729
1370.2622,2.1949,0.000304847,0.011036196,0.029127431,0.063931798
1372.4571,2.1949,0.000304847,0.011036203,0.029127462,0.063931866
1374.652,2.1949,0.000304847,0.01103621,0.029127493,0.063931935
1376.8469,2.1949,0.000304847,0.011036216,0.029127524,0.063932003
1379.0418,2.1949,0.000304847,0.011036223,0.029127555,0.063932071
1381.2367,2.1949,0.000304847,0.01103623,0.029127586,0.063932139
1383.4316,2.1949,0.000304847,0.011036237,0.029127617,0.063932206
1385.6265,2.1949,0.000304847,0.011036243,0.029127648,0.063932274
1387.8214,2.1949,0.000304847,0.01103625,0.029127678,0.063932341
1390.0163,2.1949,0.000304847,0.011036257,0.029127709,0.063932408
1392.2112,2.1949,0.000304847,0.011036263,0.029127739,0.063932475
1394.4061,2.1949,0.000304847,0.01103627,0.02912777,0.063932542
1396.601,2.1949,0.000304847,0.011036277,0.0291278,0.063932609
1398.7959,2.1949,0.000304847,0.011036283,0.029127831,0.063932675
1400.9908,2.1949,0.000304847,0.01103629,0.029127861,0.063932742
1403.1857,2.1949,0.000304847,0.011036297,0.029127891,0.063932808
1405.3806,2.1949,0.000304847,0.011036303,0.029127921,0.063932874
1407.5755,2.1949,0.000304847,0.01103631,0.029127951,0.06393294
1409.7704,2.1949,0.000304847,0.011036316,0.029127981,0.063933005
1411.9653,2.1949,0.000304847,0.011036323,0.029128011,0.063933071
1414.1602,2.1949,0.000304847,0.011036329,0.029128041,0.063933136
1416.3551,2.1949,0.000304847,0.011036336,0.02912807,0.063933202
1418.55,2.1949,0.000304847,0.011036342,0.0291281,0.063933267
1420.7449,2.1949,0.000304847,0.011036349,0.02912813,0.063933332
1422.9398,2.1949,0.000304847,0.011036355,0.029128159,0.063933396
1425.1347,2.1949,0.000304847,0.011036362,0.029128188,0.063933461
1427.3296,2.1949,0.000304847,0.011036368,0.029128218,0.063933525
1429.5245,2.1949,0.000304847,0.011036374,0.029128247,0.06393359
1431.7194,2.1949,0.000304847,0.011036381,0.029128276,0.063933654
1433.9143,2.1949,0.000304847,0.011036387,0.029128306,0.063933718
1436.1092,2.1949,0.000304847,0.011036393,0.029128335,0.063933782
1438.3041,2.1949,0.000304847,0.0110364,0.029128364,0.063933846
1440.499,2.1949,0.000304847,0.011036406,0.029128393,0.063933909
1442.6939,2.1949,0.000304847,0.011036412,0.029128422,0.063933972
1444.8888,2.1949,0.000304847,0.011036419,0.02912845,0.063934036
1447.0837,2.1949,0.000304847,0.011036425,0.029128479,0.063934099
1449.2786,2.1949,0.000304847,0.011036431,0.029128508,0.063934162
1451.4735,2.1949,0.000304847,0.011036438,0.029128536,0.063934225
1453.6684,2.1949,0.000304847,0.011036444,0.029128565,0.063934287
1455.8633,2.1949,0.000304847,0.01103645,0.029128594,0.06393435
1458.0582,2.1949,0.000304847,0.011036456,0.029128622,0.063934412
1460.2531,2.1949,0.000304847,0.011036462,0.02912865,0.063934475
1462.448,2.1949,0.000304847,0.011036469,0.029128679,0.063934537
1464.6429,2.1949,0.000304847,0.011036475,0.029128707,0.063934599
1466.8378,2.1949,0.000304847,0.011036481,0.029128735,0.06393466
1469.0327,2.1949,0.000304847,0.011036487,0.029128763,0.063934722
1471.2276,2.1949,0.000304847,0.011036493,0.029128791,0.063934784
1473.4225,2.1949,0.000304847,0.011036499,0.029128819,0.063934845
1475.6174,2.1949,0.000304847,0.011036505,0.029128847,0.063934906
1477.8123,2.1949,0.000304847,0.011036511,0.029128875,0.063934967
1480.0072,2.1949,0.000304847,0.011036517,0.029128903,0.063935028
1482.2021,2.1949,0.000304847,0.011036524,0.02912893,0.063935089
1484.397,2.1949,0.000304847,0.01103653,0.029128958,0.06393515
1486.5919,2.1949,0.000304847,0.011036536,0.029128986,0.063935211
1488.7868,2.1949,0.000304847,0.011036542,0.029129013,0.063935271
1490.9817,2.1949,0.000304847,0.011036548,0.029129041,0.063935331
1493.1766,2.1949,0.000304847,0.011036554,0.029129068,0.063935391
1495.3715,2.1949,0.000304847,0.01103656,0.029129095,0.063935451
1497.5664,2.1949,0.000304847,0.011036566,0.029129123,0.063935511
1499.7613,2.1949,0.000304847,0.011036571,0.02912915,0.063935571
1501.9562,2.1949,0.000304847,0.011036577,0.029129177,0.063935631
1504.1511,2.1949,0.000304847,0.011036583,0.029129204,0.06393569
1506.346,2.1949,0.000304847,0.011036589,0.029129231,0.06393575
1508.5409,2.1949,0.000304847,0.011036595,0.029129258,0.063935809
1510.7358,2.1949,0.000304847,0.011036601,0.029129285,0.063935868
1512.9307,2.1949,0.000304847,0.011036607,0.029129312,0.063935927
1515.1256,2.1949,0.000304847,0.011036613,0.029129339,0.063935986
1517.3205,2.1949,0.000304847,0.011036619,0.029129366,0.063936044
1519.5154,2.1949,0.000304847,0.011036624,0.029129392,0.063936103
1521.7103,2.1949,0.000304847,0.01103663,0.029129419,0.063936161
1523.9052,2.1949,0.000304847,0.011036636,0.029129445,0.06393622
1526.1001,2.1949,0.000304847,0.011036642,0.029129472,0.063936278
1528.295,2.1949,0.000304847,0.011036648,0.029129498,0.063936336
1530.4899,2.1949,0.000304847,0.011036653,0.029129525,0.063936394
1532.6848,2.1949,0.000304847,0.011036659,0.029129551,0.063936452
1534.8797,2.1949,0.000304847,0.011036665,0.029129577,0.063936509
1537.0746,2.1949,0.000304847,0.011036671,0.029129604,0.063936567
1539.2695,2.1949,0.000304847,0.011036676,0.02912963,0.063936624
1541.4644,2.1949,0.000304847,0.011036682,0.029129656,0.063936682
1543.6593,2.1949,0.000304847,0.011036688,0.029129682,0.063936739
1545.8542,2.1949,0.000304847,0.011036693,0.029129708,0.063936796
1548.0491,2.1949,0.000304847,0.011036699,0.029129734,0.063936853
1550.244,2.1949,0.000304847,0.011036705,0.02912976,0.063936909
1552.4389,2.1949,0.000304847,0.01103671,0.029129785,0.063936966
1554.6338,2.1949,0.000304847,0.011036716,0.029129811,0.063937023
1556.8287,2.1949,0.000304847,0.011036722,0.029129837,0.063937079
1559.0236,2.1949,0.000304847,0.011036727,0.029129863,0.063937135
1561.2185,2.1949,0.000304847,0.011036733,0.029129888,0.063937192
1563.4134,2.1949,0.000304847,0.011036738,0.029129914,0.063937248
1565.6083,2.1949,0.000304847,0.011036744,0.029129939,0.063937304
1567.8032,2.1949,0.000304847,0.011036749,0.029129965,0.063937359
1569.9981,2.1949,0.000304847,0.011036755,0.02912999,0.063937415
1572.193,2.1949,0.000304847,0.011036761,0.029130015,0.063937471
1574.3879,2.1949,0.000304847,0.011036766,0.029130041,0.063937526
1576.5828,2.1949,0.000304847,0.011036772,0.029130066,0.063937582
1578.7777,2.1949,0.000304847,0.011036777,0.029130091,0.063937637
1580.9726,2.1949,0.000304847,0.011036783,0.029130116,0.063937692
1583.1675,2.1949,0.000304847,0.011036788,0.029130141,0.063937747
1585.3624,2.1949,0.000304847,0.011036793,0.029130166,0.063937802
1587.5573,2.1949,0.000304847,0.011036799,0.029130191,0.063937856
1589.7522,2.1949,0.000304847,0.011036804,0.029130216,0.063937911
1591.9471,2.1949,0.000304847,0.01103681,0.029130241,0.063937966
1594.142,2.1949,0.000304847,0.011036815,0.029130266,0.06393802
1596.3369,2.1949,0.000304847,0.011036821,0.02913029,0.063938074
1598.5318,2.1949,0.000304847,0.011036826,0.029130315,0.063938129
1600.7267,2.1949,0.000304847,0.011036831,0.02913034,0.063938183
1602.9216,2.1949,0.000304847,0.011036837,0.029130364,0.063938237
1605.1165,2.1949,0.000304847,0.011036842,0.029130389,0.06393829
1607.3114,2.1949,0.000304847,0.011036847,0.029130413,0.063938344
1609.5063,2.1949,0.000304847,0.011036853,0.029130438,0.063938398
1611.7012,2.1949,0.000304847,0.011036858,0.029130462,0.063938451
1613.8961,2.1949,0.000304847,0.011036863,0.029130486,0.063938505
1616.091,2.1949,0.000304847,0.011036869,0.029130511,0.063938558
1618.2859,2.1949,0.000304847,0.011036874,0.029130535,0.063938611
1620.4808,2.1949,0.000304847,0.011036879,0.029130559,0.063938664
1622.6757,2.1949,0.000304847,0.011036885,0.029130583,0.063938717
1624.8706,2.1949,0.000304847,0.01103689,0.029130607,0.06393877
1627.0655,2.1949,0.000304847,0.011036895,0.029130631,0.063938823
1629.2604,2.1949,0.000304847,0.0110369,0.029130655,0.063938875
1631.4553,2.1949,0.000304847,0.011036906,0.029130679,0.063938928
1633.6502,2.1949,0.000304847,0.011036911,0.029130703,0.06393898
1635.8451,2.1949,0.000304847,0.011036916,0.029130727,0.063939033
1638.04,2.1949,0.000304847,0.011036921,0.029130751,0.063939085
1640.2349,2.1949,0.000304847,0.011036926,0.029130774,0.063939137
1642.4298,2.1949,0.000304847,0.011036932,0.029130798,0.063939189
1644.6247,2.1949,0.000304847,0.011036937,0.029130822,0.063939241
1646.8196,2.1949,0.000304847,0.011036942,0.029130845,0.063939293
1649.0145,2.1949,0.000304847,0.011036947,0.029130869,0.063939344
1651.2094,2.1949,0.000304847,0.011036952,0.029130892,0.063939396
1653.4043,2.1949,0.000304847,0.011036957,0.029130916,0.063939447
1655.5992,2.1949,0.000304847,0.011036962,0.029130939,0.063939499
1657.7941,2.1949,0.000304847,0.011036967,0.029130963,0.06393955
1659.989,2.1949,0.000304847,0.011036973,0.029130986,0.063939601
1662.1839,2.1949,0.000304847,0.011036978,0.029131009,0.063939652
1664.3788,2.1949,0.000304847,0.011036983,0.029131032,0.063939703
1666.5737,2.1949,0.000304847,0.011036988,0.029131056,0.063939754
1668.7686,2.1949,0.000304847,0.011036993,0.029131079,0.063939804
1670.9635,2.1949,0.000304847,0.011036998,0.029131102,0.063939855
1673.1584,2.1949,0.000304847,0.011037003,0.029131125,0.063939906
1675.3533,2.1949,0.000304847,0.011037008,0.029131148,0.063939956
1677.5482,2.1949,0.000304847,0.011037013,0.029131171,0.063940006
1679.7431,2.1949,0.000304847,0.011037018,0.029131193,0.063940057
1681.938,2.1949,0.000304847,0.011037023,0.029131216,0.063940107
1684.1329,2.1949,0.000304847,0.011037028,0.029131239,0.063940157
1686.3278,2.1949,0.000304847,0.011037033,0.029131262,0.063940207
1688.5227,2.1949,0.000304847,0.011037038,0.029131285,0.063940257
1690.7176,2.1949,0.000304847,0.011037043,0.029131307,0.063940306
1692.9125,2.1949,0.000304847,0.011037048,0.02913133,0.063940356
1695.1074,2.1949,0.000304847,0.011037053,0.029131352,0.063940405
1697.3023,2.1949,0.000304847,0.011037058,0.029131375,0.063940455
1699.4972,2.1949,0.000304847,0.011037062,0.029131397,0.063940504
1701.6921,2.1949,0.000304847,0.011037067,0.02913142,0.063940553
1703.887,2.1949,0.000304847,0.011037072,0.029131442,0.063940603
1706.0819,2.1949,0.000304847,0.011037077,0.029131465,0.063940652
1708.2768,2.1949,0.000304847,0.011037082,0.029131487,0.063940701
1710.4717,2.1949,0.000304847,0.011037087,0.029131509,0.063940749
1712.6666,2.1949,0.000304847,0.011037092,0.029131531,0.063940798
1714.8615,2.1949,0.000304847,0.011037097,0.029131554,0.063940847
1717.0564,2.1949,0.000304847,0.011037101,0.029131576,0.063940895
1719.2513,2.1949,0.000304847,0.011037106,0.029131598,0.063940944
1721.4462,2.1949,0.000304847,0.011037111,0.02913162,0.063940992
1723.6411,2.1949,0.000304847,0.011037116,0.029131642,0.06394104
1725.836,2.1949,0.000304847,0.011037121,0.029131664,0.063941089
1728.0309,2.1949,0.000304847,0.011037125,0.029131686,0.063941137
1730.2258,2.1949,0.000304847,0.01103713,0.029131707,0.063941185
1732.4207,2.1949,0.000304847,0.011037135,0.029131729,0.063941233
1734.6156,2.1949,0.000304847,0.01103714,0.029131751,0.06394128
1736.8105,2.1949,0.000304847,0.011037144,0.029131773,0.063941328
1739.0054,2.1949,0.000304847,0.011037149,0.029131795,0.063941376
1741.2003,2.1949,0.000304847,0.011037154,0.029131816,0.063941423
1743.3952,2.1949,0.000304847,0.011037159,0.029131838,0.063941471
1745.5901,2.1949,0.000304847,0.011037163,0.029131859,0.063941518
1747.785,2.1949,0.000304847,0.011037168,0.029131881,0.063941565
1749.9799,2.1949,0.000304847,0.011037173,0.029131902,0.063941613
1752.1748,2.1949,0.000304847,0.011037177,0.029131924,0.06394166
1754.3697,2.1949,0.000304847,0.011037182,0.029131945,0.063941707
1756.5646,2.1949,0.000304847,0.011037187,0.029131967,0.063941754
1758.7595,2.1949,0.000304847,0.011037191,0.029131988,0.0639418
1760.9544,2.1949,0.000304847,0.011037196,0.029132009,0.063941847
1763.1493,2.1949,0.000304847,0.011037201,0.02913203,0.063941894
1765.3442,2.1949,0.000304847,0.011037205,0.029132052,0.06394194
1767.5391,2.1949,0.000304847,0.01103721,0.029132073,0.063941987
1769.734,2.1949,0.000304847,0.011037215,0.029132094,0.063942033
1771.9289,2.1949,0.000304847,0.011037219,0.029132115,0.063942079
1774.1238,2.1949,0.000304847,0.011037224,0.029132136,0.063942126
1776.3187,2.1949,0.000304847,0.011037228,0.029132157,0.063942172
1778.5136,2.1949,0.000304847,0.011037233,0.029132178,0.063942218
1780.7085,2.1949,0.000304847,0.011037238,0.029132199,0.063942264
1782.9034,2.1949,0.000304847,0.011037242,0.02913222,0.063942309
1785.0983,2.1949,0.000304847,0.011037247,0.029132241,0.063942355
1787.2932,2.1949,0.000304847,0.011037251,0.029132262,0.063942401
1789.4881,2.1949,0.000304847,0.011037256,0.029132282,0.063942447
1791.683,2.1949,0.000304847,0.01103726,0.029132303,0.063942492
1793.8779,2.1949,0.000304847,0.011037265,0.029132324,0.063942537
1796.0728,2.1949,0.000304847,0.011037269,0.029132344,0.063942583
1798.2677,2.1949,0.000304847,0.011037274,0.029132365,0.063942628
1800.4626,2.1949,0.000304847,0.011037278,0.029132386,0.063942673
1802.6575,2.1949,0.000304847,0.011037283,0.029132406,0.063942718
1804.8524,2.1949,0.000304847,0.011037287,0.029132427,0.063942763
1807.0473,2.1949,0.000304847,0.011037292,0.029132447,0.063942808
1809.2422,2.1949,0.000304847,0.011037296,0.029132468,0.063942853
1811.4371,2.1949,0.000304847,0.011037301,0.029132488,0.063942898
1813.632,2.1949,0.000304847,0.011037305,0.029132508,0.063942942
1815.8269,2.1949,0.000304847,0.01103731,0.029132529,0.063942987
1818.0218,2.1949,0.000304847,0.011037314,0.029132549,0.063943032
1820.2167,2.1949,0.000304847,0.011037318,0.029132569,0.063943076
1822.4116,2.1949,0.000304847,0.011037323,0.029132589,0.06394312
1824.6065,2.1949,0.000304847,0.011037327,0.029132609,0.063943165
1826.8014,2.1949,0.000304847,0.011037332,0.02913263,0.063943209
1828.9963,2.1949,0.000304847,0.011037336,0.02913265,0.063943253
1831.1912,2.1949,0.000304847,0.01103734,0.02913267,0.063943297
1833.3861,2.1949,0.000304847,0.011037345,0.02913269,0.063943341
1835.581,2.1949,0.000304847,0.011037349,0.02913271,0.063943385
1837.7759,2.1949,0.000304847,0.011037353,0.02913273,0.063943428
1839.9708,2.1949,0.000304847,0.011037358,0.02913275,0.063943472
1842.1657,2.1949,0.000304847,0.011037362,0.029132769,0.063943516
1844.3606,2.1949,0.000304847,0.011037366,0.029132789,0.063943559
1846.5555,2.1949,0.000304847,0.011037371,0.029132809,0.063943603
1848.7504,2.1949,0.000304847,0.011037375,0.029132829,0.063943646
1850.9453,2.1949,0.000304847,0.011037379,0.029132849,0.063943689
1853.1402,2.1949,0.000304847,0.011037384,0.029132868,0.063943733
1855.3351,2.1949,0.000304847,0.011037388,0.029132888,0.063943776
1857.53,2.1949,0.000304847,0.011037392,0.029132908,0.063943819
1859.7249,2.1949,0.000304847,0.011037397,0.029132927,0.063943862
1861.9198,2.1949,0.000304847,0.011037401,0.029132947,0.063943905
1864.1147,2.1949,0.000304847,0.011037405,0.029132966,0.063943947
1866.3096,2.1949,0.000304847,0.011037409,0.029132986,0.06394399
1868.5045,2.1949,0.000304847,0.011037414,0.029133005,0.063944033
1870.6994,2.1949,0.000304847,0.011037418,0.029133025,0.063944075
1872.8943,2.1949,0.000304847,0.011037422,0.029133044,0.063944118
1875.0892,2.1949,0.000304847,0.011037426,0.029133063,0.06394416
1877.2841,2.1949,0.000304847,0.011037431,0.029133083,0.063944203
1879.479,2.1949,0.000304847,0.011037435,0.029133102,0.063944245
1881.6739,2.1949,0.000304847,0.011037439,0.029133121,0.063944287
1883.8688,2.1949,0.000304847,0.011037443,0.02913314,0.063944329
1886.0637,2.1949,0.000304847,0.011037447,0.029133159,0.063944372
1888.2586,2.1949,0.000304847,0.011037452,0.029133179,0.063944414
1890.4535,2.1949,0.000304847,0.011037456,0.029133198,0.063944455
1892.6484,2.1949,0.000304847,0.01103746,0.029133217,0.063944497
1894.8433,2.1949,0.000304847,0.011037464,0.029133236,0.063944539
1897.0382,2.1949,0.000304847,0.011037468,0.029133255,0.063944581
1899.2331,2.1949,0.000304847,0.011037472,0.029133274,0.063944622
1901.428,2.1949,0.000304847,0.011037476,0.029133293,0.063944664
1903.6229,2.1949,0.000304847,0.011037481,0.029133312,0.063944705
1905.8178,2.1949,0.000304847,0.011037485,0.02913333,0.063944747
1908.0127,2.1949,0.000304847,0.011037489,0.029133349,0.063944788
1910.2076,2.1949,0.000304847,0.011037493,0.029133368,0.063944829
1912.4025,2.1949,0.000304847,0.011037497,0.029133387,0.063944871
1914.5974,2.1949,0.000304847,0.011037501,0.029133406,0.063944912
1916.7923,2.1949,0.000304847,0.011037505,0.029133424,0.063944953
1918.9872,2.1949,0.000304847,0.011037509,0.029133443,0.063944994
1921.1821,2.1949,0.000304847,0.011037513,0.029133462,0.063945035
1923.377,2.1949,0.000304847,0.011037517,0.02913348,0.063945076
1925.5719,2.1949,0.000304847,0.011037521,0.029133499,0.063945116
1927.7668,2.1949,0.000304847,0.011037526,0.029133517,0.063945157
1929.9617,2.1949,0.000304847,0.01103753,0.029133536,0.063945198
1932.1566,2.1949,0.000304847,0.011037534,0.029133554,0.063945238
1934.3515,2.1949,0.000304847,0.011037538,0.029133573,0.063945279
1936.5464,2.1949,0.000304847,0.011037542,0.029133591,0.063945319
1938.7413,2.1949,0.000304847,0.011037546,0.029133609,0.063945359
1940.9362,2.1949,0.000304847,0.01103755,0.029133628,0.0639454
1943.1311,2.1949,0.000304847,0.011037554,0.029133646,0.06394544
1945.326,2.1949,0.000304847,0.011037558,0.029133664,0.06394548
1947.5209,2.1949,0.000304847,0.011037562,0.029133683,0.06394552
1949.7158,2.1949,0.000304847,0.011037566,0.029133701,0.06394556
1951.9107,2.1949,0.000304847,0.01103757,0.029133719,0.0639456
1954.1056,2.1949,0.000304847,0.011037574,0.029133737,0.06394564
1956.3005,2.1949,0.000304847,0.011037578,0.029133755,0.06394568
1958.4954,2.1949,0.000304847,0.011037582,0.029133773,0.063945719
1960.6903,2.1949,0.000304847,0.011037585,0.029133791,0.063945759
1962.8852,2.1949,0.000304847,0.011037589,0.02913381,0.063945799
1965.0801,2.1949,0.000304847,0.011037593,0.029133828,0.063945838
1967.275,2.1949,0.000304847,0.011037597,0.029133845,0.063945877
1969.4699,2.1949,0.000304847,0.011037601,0.029133863,0.063945917
1971.6648,2.1949,0.000304847,0.011037605,0.029133881,0.063945956
1973.8597,2.1949,0.000304847,0.011037609,0.029133899,0.063945995
1976.0546,2.1949,0.000304847,0.011037613,0.029133917,0.063946035
1978.2495,2.1949,0.000304847,0.011037617,0.029133935,0.063946074
1980.4444,2.1949,0.000304847,0.011037621,0.029133953,0.063946113
1982.6393,2.1949,0.000304847,0.011037625,0.02913397,0.063946152
1984.8342,2.1949,0.000304847,0.011037628,0.029133988,0.063946191
1987.0291,2.1949,0.000304847,0.011037632,0.029134006,0.06394623
1989.224,2.1949,0.000304847,0.011037636,0.029134024,0.063946268
1991.4189,2.1949,0.000304847,0.01103764,0.029134041,0.063946307
1993.6138,2.1949,0.000304847,0.011037644,0.029134059,0.063946346
1995.8087,2.1949,0.000304847,0.011037648,0.029134076,0.063946384
1998.0036,2.1949,0.000304847,0.011037652,0.029134094,0.063946423
2000.1985,2.1949,0.000304847,0.011037655,0.029134111,0.063946461
2002.3934,2.1949,0.000304847,0.011037659,0.029134129,0.0639465
2004.5883,2.1949,0.000304847,0.011037663,0.029134146,0.063946538
2006.7832,2.1949,0.000304847,0.011037667,0.029134164,0.063946576
2008.9781,2.1949,0.000304847,0.011037671,0.029134181,0.063946614
2011.173,2.1949,0.000304847,0.011037674,0.029134199,0.063946653
2013.3679,2.1949,0.000304847,0.011037678,0.029134216,0.063946691
2015.5628,2.1949,0.000304847,0.011037682,0.029134233,0.063946729
2017.7577,2.1949,0.000304847,0.011037686,0.029134251,0.063946767
2019.9526,2.1949,0.000304847,0.01103769,0.029134268,0.063946805
2022.1475,2.1949,0.000304847,0.011037693,0.029134285,0.063946842
2024.3424,2.1949,0.000304847,0.011037697,0.029134302,0.06394688
2026.5373,2.1949,0.000304847,0.011037701,0.029134319,0.063946918
2028.7322,2.1949,0.000304847,0.011037705,0.029134337,0.063946955
2030.9271,2.1949,0.000304847,0.011037708,0.029134354,0.063946993
2033.122,2.1949,0.000304847,0.011037712,0.029134371,0.063947031
2035.3169,2.1949,0.000304847,0.011037716,0.029134388,0.063947068
2037.5118,2.1949,0.000304847,0.01103772,0.029134405,0.063947105
2039.7067,2.1949,0.000304847,0.011037723,0.029134422,0.063947143
2041.9016,2.1949,0.000304847,0.011037727,0.029134439,0.06394718
2044.0965,2.1949,0.000304847,0.011037731,0.029134456,0.063947217
2046.2914,2.1949,0.000304847,0.011037734,0.029134473,0.063947254
2048.4863,2.1949,0.000304847,0.011037738,0.02913449,0.063947291
2050.6812,2.1949,0.000304847,0.011037742,0.029134507,0.063947328
2052.8761,2.1949,0.000304847,0.011037745,0.029134523,0.063947365
2055.071,2.1949,0.000304847,0.011037749,0.02913454,0.063947402
2057.2659,2.1949,0.000304847,0.011037753,0.029134557,0.063947439
2059.4608,2.1949,0.000304847,0.011037756,0.029134574,0.063947476
2061.6557,2.1949,0.000304847,0.01103776,0.029134591,0.063947513
2063.8506,2.1949,0.000304847,0.011037764,0.029134607,0.063947549
2066.0455,2.1949,0.000304847,0.011037767,0.029134624,0.063947586
2068.2404,2.1949,0.000304847,0.011037771,0.029134641,0.063947623
2070.4353,2.1949,0.000304847,0.011037775,0.029134657,0.063947659
2072.6302,2.1949,0.000304847,0.011037778,0.029134674,0.063947695
2074.8251,2.1949,0.000304847,0.011037782,0.02913469,0.063947732
2077.02,2.1949,0.000304847,0.011037786,0.029134707,0.063947768
2079.2149,2.1949,0.000304847,0.011037789,0.029134723,0.063947804
2081.4098,2.1949,0.000304847,0.011037793,0.02913474,0.063947841
2083.6047,2.1949,0.000304847,0.011037796,0.029134756,0.063947877
2085.7996,2.1949,0.000304847,0.0110378,0.029134773,0.063947913
2087.9945,2.1949,0.000304847,0.011037803,0.029134789,0.063947949
2090.1894,2.1949,0.000304847,0.011037807,0.029134806,0.063947985
2092.3843,2.1949,0.000304847,0.011037811,0.029134822,0.063948021
2094.5792,2.1949,0.000304847,0.011037814,0.029134838,0.063948057
2096.7741,2.1949,0.000304847,0.011037818,0.029134855,0.063948092
2098.969,2.1949,0.000304847,0.011037821,0.029134871,0.063948128
2101.1639,2.1949,0.000304847,0.011037825,0.029134887,0.063948164
2103.3588,2.1949,0.000304847,0.011037828,0.029134903,0.063948199
2105.5537,2.1949,0.000304847,0.011037832,0.02913492,0.063948235
2107.7486,2.1949,0.000304847,0.011037836,0.029134936,0.06394827
2109.9435,2.1949,0.000304847,0.011037839,0.029134952,0.063948306
2112.1384,2.1949,0.000304847,0.011037843,0.029134968,0.063948341
2114.3333,2.1949,0.000304847,0.011037846,0.029134984,0.063948377
2116.5282,2.1949,0.000304847,0.01103785,0.029135,0.063948412
2118.7231,2.1949,0.000304847,0.011037853,0.029135016,0.063948447
2120.918,2.1949,0.000304847,0.011037857,0.029135032,0.063948482
2123.1129,2.1949,0.000304847,0.01103786,0.029135048,0.063948517
2125.3078,2.1949,0.000304847,0.011037864,0.029135064,0.063948553
2127.5027,2.1949,0.000304847,0.011037867,0.02913508,0.063948588
2129.6976,2.1949,0.000304847,0.011037871,0.029135096,0.063948622
2131.8925,2.1949,0.000304847,0.011037874,0.029135112,0.063948657
2134.0874,2.1949,0.000304847,0.011037878,0.029135128,0.063948692
2136.2823,2.1949,0.000304847,0.011037881,0.029135144,0.063948727
2138.4772,2.1949,0.000304847,0.011037884,0.02913516,0.063948762
2140.6721,2.1949,0.000304847,0.011037888,0.029135175,0.063948796
2142.867,2.1949,0.000304847,0.011037891,0.029135191,0.063948831
2145.0619,2.1949,0.000304847,0.011037895,0.029135207,0.063948866
2147.2568,2.1949,0.000304847,0.011037898,0.029135223,0.0639489
2149.4517,2.1949,0.000304847,0.011037902,0.029135238,0.063948935
2151.6466,2.1949,0.000304847,0.011037905,0.029135254,0.063948969
2153.8415,2.1949,0.000304847,0.011037908,0.02913527,0.063949003
2156.0364,2.1949,0.000304847,0.011037912,0.029135285,0.063949038
2158.2313,2.1949,0.000304847,0.011037915,0.029135301,0.063949072
2160.4262,2.1949,0.000304847,0.011037919,0.029135316,0.063949106
2162.6211,2.1949,0.000304847,0.011037922,0.029135332,0.06394914
2164.816,2.1949,0.000304847,0.011037926,0.029135348,0.063949174
2167.0109,2.1949,0.000304847,0.011037929,0.029135363,0.063949208
2169.2058,2.1949,0.000304847,0.011037932,0.029135379,0.063949242
2171.4007,2.1949,0.000304847,0.011037936,0.029135394,0.063949276
2173.5956,2.1949,0.000304847,0.011037939,0.029135409,0.06394931
2175.7905,2.1949,0.000304847,0.011037942,0.029135425,0.063949344
2177.9854,2.1949,0.000304847,0.011037946,0.02913544,0.063949378
2180.1803,2.1949,0.000304847,0.011037949,0.029135456,0.063949412
2182.3752,2.1949,0.000304847,0.011037952,0.029135471,0.063949445
2184.5701,2.1949,0.000304847,0.011037956,0.029135486,0.063949479
2186.765,2.1949,0.000304847,0.011037959,0.029135502,0.063949512
2188.9599,2.1949,0.000304847,0.011037963,0.029135517,0.063949546
2191.1548,2.1949,0.000304847,0.011037966,0.029135532,0.063949579
2193.3497,2.1949,0.000304847,0.011037969,0.029135547,0.063949613
2195.5446,2.1949,0.000304847,0.011037972,0.029135563,0.063949646
2197.7395,2.1949,0.000304847,0.011037976,0.029135578,0.06394968
2199.9344,2.1949,0.000304847,0.011037979,0.029135593,0.063949713
2202.1293,2.1949,0.000304847,0.011037982,0.029135608,0.063949746
2204.3242,2.1949,0.000304847,0.011037986,0.029135623,0.063949779
2206.5191,2.1949,0.000304847,0.011037989,0.029135638,0.063949812
2208.714,2.1949,0.000304847,0.011037992,0.029135653,0.063949845
2210.9089,2.1949,0.000304847,0.011037996,0.029135668,0.063949878
2213.1038,2.1949,0.000304847,0.011037999,0.029135683,0.063949911
2215.2987,2.1949,0.000304847,0.011038002,0.029135698,0.063949944
2217.4936,2.1949,0.000304847,0.011038005,0.029135713,0.063949977
2219.6885,2.1949,0.000304847,0.011038009,0.029135728,0.06395001
2221.8834,2.1949,0.000304847,0.011038012,0.029135743,0.063950043
2224.0783,2.1949,0.000304847,0.011038015,0.029135758,0.063950075
2226.2732,2.1949,0.000304847,0.011038018,0.029135773,0.063950108
2228.4681,2.1949,0.000304847,0.011038022,0.029135788,0.063950141
2230.663,2.1949,0.000304847,0.011038025,0.029135803,0.063950173
2232.8579,2.1949,0.000304847,0.011038028,0.029135817,0.063950206
2235.0528,2.1949,0.000304847,0.011038031,0.029135832,0.063950238
2237.2477,2.1949,0.000304847,0.011038035,0.029135847,0.063950271
2239.4426,2.1949,0.000304847,0.011038038,0.029135862,0.063950303
2241.6375,2.1949,0.000304847,0.011038041,0.029135877,0.063950335
2243.8324,2.1949,0.000304847,0.011038044,0.029135891,0.063950368
2246.0273,2.1949,0.000304847,0.011038048,0.029135906,0.0639504
2248.2222,2.1949,0.000304847,0.011038051,0.029135921,0.063950432
2250.4171,2.1949,0.000304847,0.011038054,0.029135935,0.063950464
2252.612,2.1949,0.000304847,0.011038057,0.02913595,0.063950496
2254.8069,2.1949,0.000304847,0.01103806,0.029135964,0.063950528
2257.0018,2.1949,0.000304847,0.011038064,0.029135979,0.06395056
2259.1967,2.1949,0.000304847,0.011038067,0.029135994,0.063950592
2261.3916,2.1949,0.000304847,0.01103807,0.029136008,0.063950624
2263.5865,2.1949,0.000304847,0.011038073,0.029136023,0.063950656
2265.7814,2.1949,0.000304847,0.011038076,0.029136037,0.063950688
2267.9763,2.1949,0.000304847,0.011038079,0.029136052,0.06395072
2270.1712,2.1949,0.000304847,0.011038083,0.029136066,0.063950751
2272.3661,2.1949,0.000304847,0.011038086,0.02913608,0.063950783
2274.561,2.1949,0.000304847,0.011038089,0.029136095,0.063950815
2276.7559,2.1949,0.000304847,0.011038092,0.029136109,0.063950846
2278.9508,2.1949,0.000304847,0.011038095,0.029136124,0.063950878
2281.1457,2.1949,0.000304847,0.011038098,0.029136138,0.063950909
2283.3406,2.1949,0.000304847,0.011038101,0.029136152,0.063950941
2285.5355,2.1949,0.000304847,0.011038105,0.029136167,0.063950972
2287.7304,2.1949,0.000304847,0.011038108,0.029136181,0.063951003
2289.9253,2.1949,0.000304847,0.011038111,0.029136195,0.063951035
2292.1202,2.1949,0.000304847,0.011038114,0.029136209,0.063951066
2294.3151,2.1949,0.000304847,0.011038117,0.029136224,0.063951097
2296.51,2.1949,0.000304847,0.01103812,0.029136238,0.063951128
2298.7049,2.1949,0.000304847,0.011038123,0.029136252,0.063951159
2300.8998,2.1949,0.000304847,0.011038126,0.029136266,0.06395119
2303.0947,2.1949,0.000304847,0.011038129,0.02913628,0.063951221
2305.2896,2.1949,0.000304847,0.011038132,0.029136294,0.063951252
2307.4845,2.1949,0.000304847,0.011038136,0.029136308,0.063951283
2309.6794,2.1949,0.000304847,0.011038139,0.029136323,0.063951314
2311.8743,2.1949,0.000304847,0.011038142,0.029136337,0.063951345
2314.0692,2.1949,0.000304847,0.011038145,0.029136351,0.063951376
2316.2641,2.1949,0.000304847,0.011038148,0.029136365,0.063951407
2318.459,2.1949,0.000304847,0.011038151,0.029136379,0.063951437
2320.6539,2.1949,0.000304847,0.011038154,0.029136393,0.063951468
2322.8488,2.1949,0.000304847,0.011038157,0.029136407,0.063951499
2325.0437,2.1949,0.000304847,0.01103816,0.02913642,0.063951529
2327.2386,2.1949,0.000304847,0.011038163,0.029136434,0.06395156
2329.4335,2.1949,0.000304847,0.011038166,0.029136448,0.06395159
2331.6284,2.1949,0.000304847,0.011038169,0.029136462,0.063951621
2333.8233,2.1949,0.000304847,0.011038172,0.029136476,0.063951651
2336.0182,2.1949,0.000304847,0.011038175,0.02913649,0.063951681
2338.2131,2.1949,0.000304847,0.011038178,0.029136504,0.063951712
2340.408,2.1949,0.000304847,0.011038181,0.029136517,0.063951742
2342.6029,2.1949,0.000304847,0.011038184,0.029136531,0.063951772
2344.7978,2.1949,0.000304847,0.011038187,0.029136545,0.063951803
2346.9927,2.1949,0.000304847,0.01103819,0.029136559,0.063951833
2349.1876,2.1949,0.000304847,0.011038193,0.029136572,0.063951863
2351.3825,2.1949,0.000304847,0.011038196,0.029136586,0.063951893
2353.5774,2.1949,0.000304847,0.011038199,0.0291366,0.063951923
2355.7723,2.1949,0.000304847,0.011038202,0.029136613,0.063951953
2357.9672,2.1949,0.000304847,0.011038205,0.029136627,0.063951983
2360.1621,2.1949,0.000304847,0.011038208,0.029136641,0.063952013
2362.357,2.1949,0.000304847,0.011038211,0.029136654,0.063952042
2364.5519,2.1949,0.000304847,0.011038214,0.029136668,0.063952072
2366.7468,2.1949,0.000304847,0.011038217,0.029136681,0.063952102
2368.9417,2.1949,0.000304847,0.01103822,0.029136695,0.063952132
2371.1366,2.1949,0.000304847,0.011038223,0.029136708,0.063952161
2373.3315,2.1949,0.000304847,0.011038226,0.029136722,0.063952191
2375.5264,2.1949,0.000304847,0.011038229,0.029136735,0.063952221
2377.7213,2.1949,0.000304847,0.011038232,0.029136749,0.06395225
2379.9162,2.1949,0.000304847,0.011038235,0.029136762,0.06395228
2382.1111,2.1949,0.000304847,0.011038238,0.029136776,0.063952309
2384.306,2.1949,0.000304847,0.011038241,0.029136789,0.063952339
2386.5009,2.1949,0.000304847,0.011038244,0.029136803,0.063952368
2388.6958,2.1949,0.000304847,0.011038246,0.029136816,0.063952397
2390.8907,2.1949,0.000304847,0.011038249,0.029136829,0.063952427
2393.0856,2.1949,0.000304847,0.011038252,0.029136843,0.063952456
2395.2805,2.1949,0.000304847,0.011038255,0.029136856,0.063952485
2397.4754,2.1949,0.000304847,0.011038258,0.029136869,0.063952514
2399.6703,2.1949,0.000304847,0.011038261,0.029136883,0.063952544
2401.8652,2.1949,0.000304847,0.011038264,0.029136896,0.063952573